{"Format":1,"ProjectReferences":[],"MetadataReferences":[{"FilePath":"/Users/jebe/.nuget/packages/fsharp.core/5.0.0/lib/netstandard2.0/FSharp.Core.dll","Aliases":[],"Framework":null},{"FilePath":"/usr/local/share/dotnet/packs/Microsoft.NETCore.App.Ref/3.1.0/ref/netcoreapp3.1/Microsoft.CSharp.dll","Aliases":[],"Framework":null},{"FilePath":"/usr/local/share/dotnet/packs/Microsoft.NETCore.App.Ref/3.1.0/ref/netcoreapp3.1/Microsoft.VisualBasic.Core.dll","Aliases":[],"Framework":null},{"FilePath":"/usr/local/share/dotnet/packs/Microsoft.NETCore.App.Ref/3.1.0/ref/netcoreapp3.1/Microsoft.VisualBasic.dll","Aliases":[],"Framework":null},{"FilePath":"/usr/local/share/dotnet/packs/Microsoft.NETCore.App.Ref/3.1.0/ref/netcoreapp3.1/Microsoft.Win32.Primitives.dll","Aliases":[],"Framework":null},{"FilePath":"/usr/local/share/dotnet/packs/Microsoft.NETCore.App.Ref/3.1.0/ref/netcoreapp3.1/mscorlib.dll","Aliases":[],"Framework":null},{"FilePath":"/usr/local/share/dotnet/packs/Microsoft.NETCore.App.Ref/3.1.0/ref/netcoreapp3.1/netstandard.dll","Aliases":[],"Framework":null},{"FilePath":"/usr/local/share/dotnet/packs/Microsoft.NETCore.App.Ref/3.1.0/ref/netcoreapp3.1/System.AppContext.dll","Aliases":[],"Framework":null},{"FilePath":"/usr/local/share/dotnet/packs/Microsoft.NETCore.App.Ref/3.1.0/ref/netcoreapp3.1/System.Buffers.dll","Aliases":[],"Framework":null},{"FilePath":"/usr/local/share/dotnet/packs/Microsoft.NETCore.App.Ref/3.1.0/ref/netcoreapp3.1/System.Collections.Concurrent.dll","Aliases":[],"Framework":null},{"FilePath":"/usr/local/share/dotnet/packs/Microsoft.NETCore.App.Ref/3.1.0/ref/netcoreapp3.1/System.Collections.dll","Aliases":[],"Framework":null},{"FilePath":"/usr/local/share/dotnet/packs/Microsoft.NETCore.App.Ref/3.1.0/ref/netcoreapp3.1/System.Collections.Immutable.dll","Aliases":[],"Framework":null},{"FilePath":"/usr/local/share/dotnet/packs/Microsoft.NETCore.App.Ref/3.1.0/ref/netcoreapp3.1/System.Collections.NonGeneric.dll","Aliases":[],"Framework":null},{"FilePath":"/usr/local/share/dotnet/packs/Microsoft.NETCore.App.Ref/3.1.0/ref/netcoreapp3.1/System.Collections.Specialized.dll","Aliases":[],"Framework":null},{"FilePath":"/usr/local/share/dotnet/packs/Microsoft.NETCore.App.Ref/3.1.0/ref/netcoreapp3.1/System.ComponentModel.Annotations.dll","Aliases":[],"Framework":null},{"FilePath":"/usr/local/share/dotnet/packs/Microsoft.NETCore.App.Ref/3.1.0/ref/netcoreapp3.1/System.ComponentModel.DataAnnotations.dll","Aliases":[],"Framework":null},{"FilePath":"/usr/local/share/dotnet/packs/Microsoft.NETCore.App.Ref/3.1.0/ref/netcoreapp3.1/System.ComponentModel.dll","Aliases":[],"Framework":null},{"FilePath":"/usr/local/share/dotnet/packs/Microsoft.NETCore.App.Ref/3.1.0/ref/netcoreapp3.1/System.ComponentModel.EventBasedAsync.dll","Aliases":[],"Framework":null},{"FilePath":"/usr/local/share/dotnet/packs/Microsoft.NETCore.App.Ref/3.1.0/ref/netcoreapp3.1/System.ComponentModel.Primitives.dll","Aliases":[],"Framework":null},{"FilePath":"/usr/local/share/dotnet/packs/Microsoft.NETCore.App.Ref/3.1.0/ref/netcoreapp3.1/System.ComponentModel.TypeConverter.dll","Aliases":[],"Framework":null},{"FilePath":"/usr/local/share/dotnet/packs/Microsoft.NETCore.App.Ref/3.1.0/ref/netcoreapp3.1/System.Configuration.dll","Aliases":[],"Framework":null},{"FilePath":"/usr/local/share/dotnet/packs/Microsoft.NETCore.App.Ref/3.1.0/ref/netcoreapp3.1/System.Console.dll","Aliases":[],"Framework":null},{"FilePath":"/usr/local/share/dotnet/packs/Microsoft.NETCore.App.Ref/3.1.0/ref/netcoreapp3.1/System.Core.dll","Aliases":[],"Framework":null},{"FilePath":"/usr/local/share/dotnet/packs/Microsoft.NETCore.App.Ref/3.1.0/ref/netcoreapp3.1/System.Data.Common.dll","Aliases":[],"Framework":null},{"FilePath":"/usr/local/share/dotnet/packs/Microsoft.NETCore.App.Ref/3.1.0/ref/netcoreapp3.1/System.Data.DataSetExtensions.dll","Aliases":[],"Framework":null},{"FilePath":"/usr/local/share/dotnet/packs/Microsoft.NETCore.App.Ref/3.1.0/ref/netcoreapp3.1/System.Data.dll","Aliases":[],"Framework":null},{"FilePath":"/usr/local/share/dotnet/packs/Microsoft.NETCore.App.Ref/3.1.0/ref/netcoreapp3.1/System.Diagnostics.Contracts.dll","Aliases":[],"Framework":null},{"FilePath":"/usr/local/share/dotnet/packs/Microsoft.NETCore.App.Ref/3.1.0/ref/netcoreapp3.1/System.Diagnostics.Debug.dll","Aliases":[],"Framework":null},{"FilePath":"/usr/local/share/dotnet/packs/Microsoft.NETCore.App.Ref/3.1.0/ref/netcoreapp3.1/System.Diagnostics.DiagnosticSource.dll","Aliases":[],"Framework":null},{"FilePath":"/usr/local/share/dotnet/packs/Microsoft.NETCore.App.Ref/3.1.0/ref/netcoreapp3.1/System.Diagnostics.FileVersionInfo.dll","Aliases":[],"Framework":null},{"FilePath":"/usr/local/share/dotnet/packs/Microsoft.NETCore.App.Ref/3.1.0/ref/netcoreapp3.1/System.Diagnostics.Process.dll","Aliases":[],"Framework":null},{"FilePath":"/usr/local/share/dotnet/packs/Microsoft.NETCore.App.Ref/3.1.0/ref/netcoreapp3.1/System.Diagnostics.StackTrace.dll","Aliases":[],"Framework":null},{"FilePath":"/usr/local/share/dotnet/packs/Microsoft.NETCore.App.Ref/3.1.0/ref/netcoreapp3.1/System.Diagnostics.TextWriterTraceListener.dll","Aliases":[],"Framework":null},{"FilePath":"/usr/local/share/dotnet/packs/Microsoft.NETCore.App.Ref/3.1.0/ref/netcoreapp3.1/System.Diagnostics.Tools.dll","Aliases":[],"Framework":null},{"FilePath":"/usr/local/share/dotnet/packs/Microsoft.NETCore.App.Ref/3.1.0/ref/netcoreapp3.1/System.Diagnostics.TraceSource.dll","Aliases":[],"Framework":null},{"FilePath":"/usr/local/share/dotnet/packs/Microsoft.NETCore.App.Ref/3.1.0/ref/netcoreapp3.1/System.Diagnostics.Tracing.dll","Aliases":[],"Framework":null},{"FilePath":"/usr/local/share/dotnet/packs/Microsoft.NETCore.App.Ref/3.1.0/ref/netcoreapp3.1/System.dll","Aliases":[],"Framework":null},{"FilePath":"/usr/local/share/dotnet/packs/Microsoft.NETCore.App.Ref/3.1.0/ref/netcoreapp3.1/System.Drawing.dll","Aliases":[],"Framework":null},{"FilePath":"/usr/local/share/dotnet/packs/Microsoft.NETCore.App.Ref/3.1.0/ref/netcoreapp3.1/System.Drawing.Primitives.dll","Aliases":[],"Framework":null},{"FilePath":"/usr/local/share/dotnet/packs/Microsoft.NETCore.App.Ref/3.1.0/ref/netcoreapp3.1/System.Dynamic.Runtime.dll","Aliases":[],"Framework":null},{"FilePath":"/usr/local/share/dotnet/packs/Microsoft.NETCore.App.Ref/3.1.0/ref/netcoreapp3.1/System.Globalization.Calendars.dll","Aliases":[],"Framework":null},{"FilePath":"/usr/local/share/dotnet/packs/Microsoft.NETCore.App.Ref/3.1.0/ref/netcoreapp3.1/System.Globalization.dll","Aliases":[],"Framework":null},{"FilePath":"/usr/local/share/dotnet/packs/Microsoft.NETCore.App.Ref/3.1.0/ref/netcoreapp3.1/System.Globalization.Extensions.dll","Aliases":[],"Framework":null},{"FilePath":"/usr/local/share/dotnet/packs/Microsoft.NETCore.App.Ref/3.1.0/ref/netcoreapp3.1/System.IO.Compression.Brotli.dll","Aliases":[],"Framework":null},{"FilePath":"/usr/local/share/dotnet/packs/Microsoft.NETCore.App.Ref/3.1.0/ref/netcoreapp3.1/System.IO.Compression.dll","Aliases":[],"Framework":null},{"FilePath":"/usr/local/share/dotnet/packs/Microsoft.NETCore.App.Ref/3.1.0/ref/netcoreapp3.1/System.IO.Compression.FileSystem.dll","Aliases":[],"Framework":null},{"FilePath":"/usr/local/share/dotnet/packs/Microsoft.NETCore.App.Ref/3.1.0/ref/netcoreapp3.1/System.IO.Compression.ZipFile.dll","Aliases":[],"Framework":null},{"FilePath":"/usr/local/share/dotnet/packs/Microsoft.NETCore.App.Ref/3.1.0/ref/netcoreapp3.1/System.IO.dll","Aliases":[],"Framework":null},{"FilePath":"/usr/local/share/dotnet/packs/Microsoft.NETCore.App.Ref/3.1.0/ref/netcoreapp3.1/System.IO.FileSystem.dll","Aliases":[],"Framework":null},{"FilePath":"/usr/local/share/dotnet/packs/Microsoft.NETCore.App.Ref/3.1.0/ref/netcoreapp3.1/System.IO.FileSystem.DriveInfo.dll","Aliases":[],"Framework":null},{"FilePath":"/usr/local/share/dotnet/packs/Microsoft.NETCore.App.Ref/3.1.0/ref/netcoreapp3.1/System.IO.FileSystem.Primitives.dll","Aliases":[],"Framework":null},{"FilePath":"/usr/local/share/dotnet/packs/Microsoft.NETCore.App.Ref/3.1.0/ref/netcoreapp3.1/System.IO.FileSystem.Watcher.dll","Aliases":[],"Framework":null},{"FilePath":"/usr/local/share/dotnet/packs/Microsoft.NETCore.App.Ref/3.1.0/ref/netcoreapp3.1/System.IO.IsolatedStorage.dll","Aliases":[],"Framework":null},{"FilePath":"/usr/local/share/dotnet/packs/Microsoft.NETCore.App.Ref/3.1.0/ref/netcoreapp3.1/System.IO.MemoryMappedFiles.dll","Aliases":[],"Framework":null},{"FilePath":"/usr/local/share/dotnet/packs/Microsoft.NETCore.App.Ref/3.1.0/ref/netcoreapp3.1/System.IO.Pipes.dll","Aliases":[],"Framework":null},{"FilePath":"/usr/local/share/dotnet/packs/Microsoft.NETCore.App.Ref/3.1.0/ref/netcoreapp3.1/System.IO.UnmanagedMemoryStream.dll","Aliases":[],"Framework":null},{"FilePath":"/usr/local/share/dotnet/packs/Microsoft.NETCore.App.Ref/3.1.0/ref/netcoreapp3.1/System.Linq.dll","Aliases":[],"Framework":null},{"FilePath":"/usr/local/share/dotnet/packs/Microsoft.NETCore.App.Ref/3.1.0/ref/netcoreapp3.1/System.Linq.Expressions.dll","Aliases":[],"Framework":null},{"FilePath":"/usr/local/share/dotnet/packs/Microsoft.NETCore.App.Ref/3.1.0/ref/netcoreapp3.1/System.Linq.Parallel.dll","Aliases":[],"Framework":null},{"FilePath":"/usr/local/share/dotnet/packs/Microsoft.NETCore.App.Ref/3.1.0/ref/netcoreapp3.1/System.Linq.Queryable.dll","Aliases":[],"Framework":null},{"FilePath":"/usr/local/share/dotnet/packs/Microsoft.NETCore.App.Ref/3.1.0/ref/netcoreapp3.1/System.Memory.dll","Aliases":[],"Framework":null},{"FilePath":"/usr/local/share/dotnet/packs/Microsoft.NETCore.App.Ref/3.1.0/ref/netcoreapp3.1/System.Net.dll","Aliases":[],"Framework":null},{"FilePath":"/usr/local/share/dotnet/packs/Microsoft.NETCore.App.Ref/3.1.0/ref/netcoreapp3.1/System.Net.Http.dll","Aliases":[],"Framework":null},{"FilePath":"/usr/local/share/dotnet/packs/Microsoft.NETCore.App.Ref/3.1.0/ref/netcoreapp3.1/System.Net.HttpListener.dll","Aliases":[],"Framework":null},{"FilePath":"/usr/local/share/dotnet/packs/Microsoft.NETCore.App.Ref/3.1.0/ref/netcoreapp3.1/System.Net.Mail.dll","Aliases":[],"Framework":null},{"FilePath":"/usr/local/share/dotnet/packs/Microsoft.NETCore.App.Ref/3.1.0/ref/netcoreapp3.1/System.Net.NameResolution.dll","Aliases":[],"Framework":null},{"FilePath":"/usr/local/share/dotnet/packs/Microsoft.NETCore.App.Ref/3.1.0/ref/netcoreapp3.1/System.Net.NetworkInformation.dll","Aliases":[],"Framework":null},{"FilePath":"/usr/local/share/dotnet/packs/Microsoft.NETCore.App.Ref/3.1.0/ref/netcoreapp3.1/System.Net.Ping.dll","Aliases":[],"Framework":null},{"FilePath":"/usr/local/share/dotnet/packs/Microsoft.NETCore.App.Ref/3.1.0/ref/netcoreapp3.1/System.Net.Primitives.dll","Aliases":[],"Framework":null},{"FilePath":"/usr/local/share/dotnet/packs/Microsoft.NETCore.App.Ref/3.1.0/ref/netcoreapp3.1/System.Net.Requests.dll","Aliases":[],"Framework":null},{"FilePath":"/usr/local/share/dotnet/packs/Microsoft.NETCore.App.Ref/3.1.0/ref/netcoreapp3.1/System.Net.Security.dll","Aliases":[],"Framework":null},{"FilePath":"/usr/local/share/dotnet/packs/Microsoft.NETCore.App.Ref/3.1.0/ref/netcoreapp3.1/System.Net.ServicePoint.dll","Aliases":[],"Framework":null},{"FilePath":"/usr/local/share/dotnet/packs/Microsoft.NETCore.App.Ref/3.1.0/ref/netcoreapp3.1/System.Net.Sockets.dll","Aliases":[],"Framework":null},{"FilePath":"/usr/local/share/dotnet/packs/Microsoft.NETCore.App.Ref/3.1.0/ref/netcoreapp3.1/System.Net.WebClient.dll","Aliases":[],"Framework":null},{"FilePath":"/usr/local/share/dotnet/packs/Microsoft.NETCore.App.Ref/3.1.0/ref/netcoreapp3.1/System.Net.WebHeaderCollection.dll","Aliases":[],"Framework":null},{"FilePath":"/usr/local/share/dotnet/packs/Microsoft.NETCore.App.Ref/3.1.0/ref/netcoreapp3.1/System.Net.WebProxy.dll","Aliases":[],"Framework":null},{"FilePath":"/usr/local/share/dotnet/packs/Microsoft.NETCore.App.Ref/3.1.0/ref/netcoreapp3.1/System.Net.WebSockets.Client.dll","Aliases":[],"Framework":null},{"FilePath":"/usr/local/share/dotnet/packs/Microsoft.NETCore.App.Ref/3.1.0/ref/netcoreapp3.1/System.Net.WebSockets.dll","Aliases":[],"Framework":null},{"FilePath":"/usr/local/share/dotnet/packs/Microsoft.NETCore.App.Ref/3.1.0/ref/netcoreapp3.1/System.Numerics.dll","Aliases":[],"Framework":null},{"FilePath":"/usr/local/share/dotnet/packs/Microsoft.NETCore.App.Ref/3.1.0/ref/netcoreapp3.1/System.Numerics.Vectors.dll","Aliases":[],"Framework":null},{"FilePath":"/usr/local/share/dotnet/packs/Microsoft.NETCore.App.Ref/3.1.0/ref/netcoreapp3.1/System.ObjectModel.dll","Aliases":[],"Framework":null},{"FilePath":"/usr/local/share/dotnet/packs/Microsoft.NETCore.App.Ref/3.1.0/ref/netcoreapp3.1/System.Reflection.DispatchProxy.dll","Aliases":[],"Framework":null},{"FilePath":"/usr/local/share/dotnet/packs/Microsoft.NETCore.App.Ref/3.1.0/ref/netcoreapp3.1/System.Reflection.dll","Aliases":[],"Framework":null},{"FilePath":"/usr/local/share/dotnet/packs/Microsoft.NETCore.App.Ref/3.1.0/ref/netcoreapp3.1/System.Reflection.Emit.dll","Aliases":[],"Framework":null},{"FilePath":"/usr/local/share/dotnet/packs/Microsoft.NETCore.App.Ref/3.1.0/ref/netcoreapp3.1/System.Reflection.Emit.ILGeneration.dll","Aliases":[],"Framework":null},{"FilePath":"/usr/local/share/dotnet/packs/Microsoft.NETCore.App.Ref/3.1.0/ref/netcoreapp3.1/System.Reflection.Emit.Lightweight.dll","Aliases":[],"Framework":null},{"FilePath":"/usr/local/share/dotnet/packs/Microsoft.NETCore.App.Ref/3.1.0/ref/netcoreapp3.1/System.Reflection.Extensions.dll","Aliases":[],"Framework":null},{"FilePath":"/usr/local/share/dotnet/packs/Microsoft.NETCore.App.Ref/3.1.0/ref/netcoreapp3.1/System.Reflection.Metadata.dll","Aliases":[],"Framework":null},{"FilePath":"/usr/local/share/dotnet/packs/Microsoft.NETCore.App.Ref/3.1.0/ref/netcoreapp3.1/System.Reflection.Primitives.dll","Aliases":[],"Framework":null},{"FilePath":"/usr/local/share/dotnet/packs/Microsoft.NETCore.App.Ref/3.1.0/ref/netcoreapp3.1/System.Reflection.TypeExtensions.dll","Aliases":[],"Framework":null},{"FilePath":"/usr/local/share/dotnet/packs/Microsoft.NETCore.App.Ref/3.1.0/ref/netcoreapp3.1/System.Resources.Reader.dll","Aliases":[],"Framework":null},{"FilePath":"/usr/local/share/dotnet/packs/Microsoft.NETCore.App.Ref/3.1.0/ref/netcoreapp3.1/System.Resources.ResourceManager.dll","Aliases":[],"Framework":null},{"FilePath":"/usr/local/share/dotnet/packs/Microsoft.NETCore.App.Ref/3.1.0/ref/netcoreapp3.1/System.Resources.Writer.dll","Aliases":[],"Framework":null},{"FilePath":"/usr/local/share/dotnet/packs/Microsoft.NETCore.App.Ref/3.1.0/ref/netcoreapp3.1/System.Runtime.CompilerServices.Unsafe.dll","Aliases":[],"Framework":null},{"FilePath":"/usr/local/share/dotnet/packs/Microsoft.NETCore.App.Ref/3.1.0/ref/netcoreapp3.1/System.Runtime.CompilerServices.VisualC.dll","Aliases":[],"Framework":null},{"FilePath":"/usr/local/share/dotnet/packs/Microsoft.NETCore.App.Ref/3.1.0/ref/netcoreapp3.1/System.Runtime.dll","Aliases":[],"Framework":null},{"FilePath":"/usr/local/share/dotnet/packs/Microsoft.NETCore.App.Ref/3.1.0/ref/netcoreapp3.1/System.Runtime.Extensions.dll","Aliases":[],"Framework":null},{"FilePath":"/usr/local/share/dotnet/packs/Microsoft.NETCore.App.Ref/3.1.0/ref/netcoreapp3.1/System.Runtime.Handles.dll","Aliases":[],"Framework":null},{"FilePath":"/usr/local/share/dotnet/packs/Microsoft.NETCore.App.Ref/3.1.0/ref/netcoreapp3.1/System.Runtime.InteropServices.dll","Aliases":[],"Framework":null},{"FilePath":"/usr/local/share/dotnet/packs/Microsoft.NETCore.App.Ref/3.1.0/ref/netcoreapp3.1/System.Runtime.InteropServices.RuntimeInformation.dll","Aliases":[],"Framework":null},{"FilePath":"/usr/local/share/dotnet/packs/Microsoft.NETCore.App.Ref/3.1.0/ref/netcoreapp3.1/System.Runtime.InteropServices.WindowsRuntime.dll","Aliases":[],"Framework":null},{"FilePath":"/usr/local/share/dotnet/packs/Microsoft.NETCore.App.Ref/3.1.0/ref/netcoreapp3.1/System.Runtime.Intrinsics.dll","Aliases":[],"Framework":null},{"FilePath":"/usr/local/share/dotnet/packs/Microsoft.NETCore.App.Ref/3.1.0/ref/netcoreapp3.1/System.Runtime.Loader.dll","Aliases":[],"Framework":null},{"FilePath":"/usr/local/share/dotnet/packs/Microsoft.NETCore.App.Ref/3.1.0/ref/netcoreapp3.1/System.Runtime.Numerics.dll","Aliases":[],"Framework":null},{"FilePath":"/usr/local/share/dotnet/packs/Microsoft.NETCore.App.Ref/3.1.0/ref/netcoreapp3.1/System.Runtime.Serialization.dll","Aliases":[],"Framework":null},{"FilePath":"/usr/local/share/dotnet/packs/Microsoft.NETCore.App.Ref/3.1.0/ref/netcoreapp3.1/System.Runtime.Serialization.Formatters.dll","Aliases":[],"Framework":null},{"FilePath":"/usr/local/share/dotnet/packs/Microsoft.NETCore.App.Ref/3.1.0/ref/netcoreapp3.1/System.Runtime.Serialization.Json.dll","Aliases":[],"Framework":null},{"FilePath":"/usr/local/share/dotnet/packs/Microsoft.NETCore.App.Ref/3.1.0/ref/netcoreapp3.1/System.Runtime.Serialization.Primitives.dll","Aliases":[],"Framework":null},{"FilePath":"/usr/local/share/dotnet/packs/Microsoft.NETCore.App.Ref/3.1.0/ref/netcoreapp3.1/System.Runtime.Serialization.Xml.dll","Aliases":[],"Framework":null},{"FilePath":"/usr/local/share/dotnet/packs/Microsoft.NETCore.App.Ref/3.1.0/ref/netcoreapp3.1/System.Security.Claims.dll","Aliases":[],"Framework":null},{"FilePath":"/usr/local/share/dotnet/packs/Microsoft.NETCore.App.Ref/3.1.0/ref/netcoreapp3.1/System.Security.Cryptography.Algorithms.dll","Aliases":[],"Framework":null},{"FilePath":"/usr/local/share/dotnet/packs/Microsoft.NETCore.App.Ref/3.1.0/ref/netcoreapp3.1/System.Security.Cryptography.Csp.dll","Aliases":[],"Framework":null},{"FilePath":"/usr/local/share/dotnet/packs/Microsoft.NETCore.App.Ref/3.1.0/ref/netcoreapp3.1/System.Security.Cryptography.Encoding.dll","Aliases":[],"Framework":null},{"FilePath":"/usr/local/share/dotnet/packs/Microsoft.NETCore.App.Ref/3.1.0/ref/netcoreapp3.1/System.Security.Cryptography.Primitives.dll","Aliases":[],"Framework":null},{"FilePath":"/usr/local/share/dotnet/packs/Microsoft.NETCore.App.Ref/3.1.0/ref/netcoreapp3.1/System.Security.Cryptography.X509Certificates.dll","Aliases":[],"Framework":null},{"FilePath":"/usr/local/share/dotnet/packs/Microsoft.NETCore.App.Ref/3.1.0/ref/netcoreapp3.1/System.Security.dll","Aliases":[],"Framework":null},{"FilePath":"/usr/local/share/dotnet/packs/Microsoft.NETCore.App.Ref/3.1.0/ref/netcoreapp3.1/System.Security.Principal.dll","Aliases":[],"Framework":null},{"FilePath":"/usr/local/share/dotnet/packs/Microsoft.NETCore.App.Ref/3.1.0/ref/netcoreapp3.1/System.Security.SecureString.dll","Aliases":[],"Framework":null},{"FilePath":"/usr/local/share/dotnet/packs/Microsoft.NETCore.App.Ref/3.1.0/ref/netcoreapp3.1/System.ServiceModel.Web.dll","Aliases":[],"Framework":null},{"FilePath":"/usr/local/share/dotnet/packs/Microsoft.NETCore.App.Ref/3.1.0/ref/netcoreapp3.1/System.ServiceProcess.dll","Aliases":[],"Framework":null},{"FilePath":"/usr/local/share/dotnet/packs/Microsoft.NETCore.App.Ref/3.1.0/ref/netcoreapp3.1/System.Text.Encoding.CodePages.dll","Aliases":[],"Framework":null},{"FilePath":"/usr/local/share/dotnet/packs/Microsoft.NETCore.App.Ref/3.1.0/ref/netcoreapp3.1/System.Text.Encoding.dll","Aliases":[],"Framework":null},{"FilePath":"/usr/local/share/dotnet/packs/Microsoft.NETCore.App.Ref/3.1.0/ref/netcoreapp3.1/System.Text.Encoding.Extensions.dll","Aliases":[],"Framework":null},{"FilePath":"/usr/local/share/dotnet/packs/Microsoft.NETCore.App.Ref/3.1.0/ref/netcoreapp3.1/System.Text.Encodings.Web.dll","Aliases":[],"Framework":null},{"FilePath":"/usr/local/share/dotnet/packs/Microsoft.NETCore.App.Ref/3.1.0/ref/netcoreapp3.1/System.Text.Json.dll","Aliases":[],"Framework":null},{"FilePath":"/usr/local/share/dotnet/packs/Microsoft.NETCore.App.Ref/3.1.0/ref/netcoreapp3.1/System.Text.RegularExpressions.dll","Aliases":[],"Framework":null},{"FilePath":"/usr/local/share/dotnet/packs/Microsoft.NETCore.App.Ref/3.1.0/ref/netcoreapp3.1/System.Threading.Channels.dll","Aliases":[],"Framework":null},{"FilePath":"/usr/local/share/dotnet/packs/Microsoft.NETCore.App.Ref/3.1.0/ref/netcoreapp3.1/System.Threading.dll","Aliases":[],"Framework":null},{"FilePath":"/usr/local/share/dotnet/packs/Microsoft.NETCore.App.Ref/3.1.0/ref/netcoreapp3.1/System.Threading.Overlapped.dll","Aliases":[],"Framework":null},{"FilePath":"/usr/local/share/dotnet/packs/Microsoft.NETCore.App.Ref/3.1.0/ref/netcoreapp3.1/System.Threading.Tasks.Dataflow.dll","Aliases":[],"Framework":null},{"FilePath":"/usr/local/share/dotnet/packs/Microsoft.NETCore.App.Ref/3.1.0/ref/netcoreapp3.1/System.Threading.Tasks.dll","Aliases":[],"Framework":null},{"FilePath":"/usr/local/share/dotnet/packs/Microsoft.NETCore.App.Ref/3.1.0/ref/netcoreapp3.1/System.Threading.Tasks.Extensions.dll","Aliases":[],"Framework":null},{"FilePath":"/usr/local/share/dotnet/packs/Microsoft.NETCore.App.Ref/3.1.0/ref/netcoreapp3.1/System.Threading.Tasks.Parallel.dll","Aliases":[],"Framework":null},{"FilePath":"/usr/local/share/dotnet/packs/Microsoft.NETCore.App.Ref/3.1.0/ref/netcoreapp3.1/System.Threading.Thread.dll","Aliases":[],"Framework":null},{"FilePath":"/usr/local/share/dotnet/packs/Microsoft.NETCore.App.Ref/3.1.0/ref/netcoreapp3.1/System.Threading.ThreadPool.dll","Aliases":[],"Framework":null},{"FilePath":"/usr/local/share/dotnet/packs/Microsoft.NETCore.App.Ref/3.1.0/ref/netcoreapp3.1/System.Threading.Timer.dll","Aliases":[],"Framework":null},{"FilePath":"/usr/local/share/dotnet/packs/Microsoft.NETCore.App.Ref/3.1.0/ref/netcoreapp3.1/System.Transactions.dll","Aliases":[],"Framework":null},{"FilePath":"/usr/local/share/dotnet/packs/Microsoft.NETCore.App.Ref/3.1.0/ref/netcoreapp3.1/System.Transactions.Local.dll","Aliases":[],"Framework":null},{"FilePath":"/usr/local/share/dotnet/packs/Microsoft.NETCore.App.Ref/3.1.0/ref/netcoreapp3.1/System.ValueTuple.dll","Aliases":[],"Framework":null},{"FilePath":"/usr/local/share/dotnet/packs/Microsoft.NETCore.App.Ref/3.1.0/ref/netcoreapp3.1/System.Web.dll","Aliases":[],"Framework":null},{"FilePath":"/usr/local/share/dotnet/packs/Microsoft.NETCore.App.Ref/3.1.0/ref/netcoreapp3.1/System.Web.HttpUtility.dll","Aliases":[],"Framework":null},{"FilePath":"/usr/local/share/dotnet/packs/Microsoft.NETCore.App.Ref/3.1.0/ref/netcoreapp3.1/System.Windows.dll","Aliases":[],"Framework":null},{"FilePath":"/usr/local/share/dotnet/packs/Microsoft.NETCore.App.Ref/3.1.0/ref/netcoreapp3.1/System.Xml.dll","Aliases":[],"Framework":null},{"FilePath":"/usr/local/share/dotnet/packs/Microsoft.NETCore.App.Ref/3.1.0/ref/netcoreapp3.1/System.Xml.Linq.dll","Aliases":[],"Framework":null},{"FilePath":"/usr/local/share/dotnet/packs/Microsoft.NETCore.App.Ref/3.1.0/ref/netcoreapp3.1/System.Xml.ReaderWriter.dll","Aliases":[],"Framework":null},{"FilePath":"/usr/local/share/dotnet/packs/Microsoft.NETCore.App.Ref/3.1.0/ref/netcoreapp3.1/System.Xml.Serialization.dll","Aliases":[],"Framework":null},{"FilePath":"/usr/local/share/dotnet/packs/Microsoft.NETCore.App.Ref/3.1.0/ref/netcoreapp3.1/System.Xml.XDocument.dll","Aliases":[],"Framework":null},{"FilePath":"/usr/local/share/dotnet/packs/Microsoft.NETCore.App.Ref/3.1.0/ref/netcoreapp3.1/System.Xml.XmlDocument.dll","Aliases":[],"Framework":null},{"FilePath":"/usr/local/share/dotnet/packs/Microsoft.NETCore.App.Ref/3.1.0/ref/netcoreapp3.1/System.Xml.XmlSerializer.dll","Aliases":[],"Framework":null},{"FilePath":"/usr/local/share/dotnet/packs/Microsoft.NETCore.App.Ref/3.1.0/ref/netcoreapp3.1/System.Xml.XPath.dll","Aliases":[],"Framework":null},{"FilePath":"/usr/local/share/dotnet/packs/Microsoft.NETCore.App.Ref/3.1.0/ref/netcoreapp3.1/System.Xml.XPath.XDocument.dll","Aliases":[],"Framework":null},{"FilePath":"/usr/local/share/dotnet/packs/Microsoft.NETCore.App.Ref/3.1.0/ref/netcoreapp3.1/WindowsBase.dll","Aliases":[],"Framework":null}],"Files":["/Users/jebe/temp/Assignment6/Assignment6/StateMonad.fsi","/Users/jebe/temp/Assignment6/Assignment6/StateMonad.fs","/Users/jebe/temp/Assignment6/Assignment6/Eval.fs","/Users/jebe/temp/Assignment6/Assignment6/Program.fs","/Users/jebe/temp/Assignment6/Assignment6/obj/Debug/netcoreapp3.1/Assignment6.AssemblyInfo.fs","/Users/jebe/temp/Assignment6/Assignment6/obj/Debug/netcoreapp3.1/Assignment6.AssemblyInfo.fs","/Users/jebe/temp/Assignment6/Assignment6/obj/Debug/netcoreapp3.1/Assignment6.AssemblyInfo.fs"],"BuildActions":["Compile","Compile","Compile","Compile","Compile","Compile","Compile"],"Analyzers":[],"AdditionalFiles":[],"EditorConfigFiles":[]}