{
  "protocol_version" : "0.0.6",
  "configuration" : {
    "version" : "(6.12.0.122) (2020-02/c621c35ffa0)",
    "tlc" : "normal",
    "sigsgev" : "altstack",
    "notifications" : "kqueue",
    "architecture" : "amd64",
    "disabled_features" : "none",
    "smallconfig" : "disabled",
    "bigarrays" : "disabled",
    "softdebug" : "enabled",
    "interpreter" : "enabled",
    "llvm_support" : "0",
    "suspend" : "hybrid"
  },
  "memory" : {
    "Resident Size" : "140988416",
    "Virtual Size" : "4855873536",
    "minor_gc_time" : "0",
    "major_gc_time" : "0",
    "minor_gc_count" : "0",
    "major_gc_count" : "0",
    "major_gc_time_concurrent" : "0"
 },
  "threads" : [
 {
    "is_managed" : true,
    "offset_free_hash" : "0x11a6748113",
    "offset_rich_hash" : "0x11a6748628",
    "crashed" : true,
    "native_thread_id" : "0x70000b891000",
    "thread_info_addr" : "0x7ffce8b72400",
    "thread_name" : "tid_6c03",
    "ctx" : {
      "IP" : "0x7fff20400462",
      "SP" : "0x70000b889b58",
      "BP" : "0x70000b889b80"
  },
    "managed_frames" : [
  {
      "is_managed" : "false",
      "native_address" : "unregistered"
   }
,
  {
      "is_managed" : "true",
      "guid" : "36514B14-425C-4337-B446-653C547AA9C3",
      "token" : "0x00000",
      "native_offset" : "0x0",
      "filename" : "mscorlib.dll",
      "sizeofimage" : "0x472000",
      "timestamp" : "0xd38c2365",
      "il_offset" : "0x00000"
   }
,
  {
      "is_managed" : "true",
      "guid" : "36514B14-425C-4337-B446-653C547AA9C3",
      "token" : "0x00000",
      "native_offset" : "0x0",
      "filename" : "mscorlib.dll",
      "sizeofimage" : "0x472000",
      "timestamp" : "0xd38c2365",
      "il_offset" : "0x00015"
   }
,
  {
      "is_managed" : "true",
      "guid" : "4F55BBF8-2F9B-4C60-9603-12888C59BD5C",
      "token" : "0x6004287",
      "native_offset" : "0x0",
      "filename" : "System.dll",
      "sizeofimage" : "0x292000",
      "timestamp" : "0xc9746c07",
      "il_offset" : "0x0026a"
   }
,
  {
      "is_managed" : "true",
      "guid" : "4F55BBF8-2F9B-4C60-9603-12888C59BD5C",
      "token" : "0x6004487",
      "native_offset" : "0x0",
      "filename" : "System.dll",
      "sizeofimage" : "0x292000",
      "timestamp" : "0xc9746c07",
      "il_offset" : "0x00043"
   }
,
  {
      "is_managed" : "true",
      "guid" : "36514B14-425C-4337-B446-653C547AA9C3",
      "token" : "0x6001ed4",
      "native_offset" : "0x0",
      "filename" : "mscorlib.dll",
      "sizeofimage" : "0x472000",
      "timestamp" : "0xd38c2365",
      "il_offset" : "0x00071"
   }
,
  {
      "is_managed" : "true",
      "guid" : "36514B14-425C-4337-B446-653C547AA9C3",
      "token" : "0x6001ed2",
      "native_offset" : "0x0",
      "filename" : "mscorlib.dll",
      "sizeofimage" : "0x472000",
      "timestamp" : "0xd38c2365",
      "il_offset" : "0x00000"
   }
,
  {
      "is_managed" : "true",
      "guid" : "36514B14-425C-4337-B446-653C547AA9C3",
      "token" : "0x6001ed1",
      "native_offset" : "0x0",
      "filename" : "mscorlib.dll",
      "sizeofimage" : "0x472000",
      "timestamp" : "0xd38c2365",
      "il_offset" : "0x0002b"
   }
,
  {
      "is_managed" : "true",
      "guid" : "4F55BBF8-2F9B-4C60-9603-12888C59BD5C",
      "token" : "0x6004286",
      "native_offset" : "0x0",
      "filename" : "System.dll",
      "sizeofimage" : "0x292000",
      "timestamp" : "0xc9746c07",
      "il_offset" : "0x00093"
   }
,
  {
      "is_managed" : "true",
      "guid" : "4F55BBF8-2F9B-4C60-9603-12888C59BD5C",
      "token" : "0x00000",
      "native_offset" : "0x0",
      "filename" : "System.dll",
      "sizeofimage" : "0x292000",
      "timestamp" : "0xc9746c07",
      "il_offset" : "0xffffffff"
   }
,
  {
      "is_managed" : "false",
      "native_address" : "unregistered"
   }
,
  {
      "is_managed" : "true",
      "guid" : "4F55BBF8-2F9B-4C60-9603-12888C59BD5C",
      "token" : "0x00000",
      "native_offset" : "0x0",
      "filename" : "System.dll",
      "sizeofimage" : "0x292000",
      "timestamp" : "0xc9746c07",
      "il_offset" : "0x00000"
   }
,
  {
      "is_managed" : "true",
      "guid" : "4F55BBF8-2F9B-4C60-9603-12888C59BD5C",
      "token" : "0x600447f",
      "native_offset" : "0x0",
      "filename" : "System.dll",
      "sizeofimage" : "0x292000",
      "timestamp" : "0xc9746c07",
      "il_offset" : "0x0003a"
   }
,
  {
      "is_managed" : "true",
      "guid" : "36514B14-425C-4337-B446-653C547AA9C3",
      "token" : "0x6001f2c",
      "native_offset" : "0x0",
      "filename" : "mscorlib.dll",
      "sizeofimage" : "0x472000",
      "timestamp" : "0xd38c2365",
      "il_offset" : "0x00025"
   }
,
  {
      "is_managed" : "true",
      "guid" : "36514B14-425C-4337-B446-653C547AA9C3",
      "token" : "0x6001ed4",
      "native_offset" : "0x0",
      "filename" : "mscorlib.dll",
      "sizeofimage" : "0x472000",
      "timestamp" : "0xd38c2365",
      "il_offset" : "0x00071"
   }
,
  {
      "is_managed" : "true",
      "guid" : "36514B14-425C-4337-B446-653C547AA9C3",
      "token" : "0x6001ed2",
      "native_offset" : "0x0",
      "filename" : "mscorlib.dll",
      "sizeofimage" : "0x472000",
      "timestamp" : "0xd38c2365",
      "il_offset" : "0x00000"
   }
,
  {
      "is_managed" : "true",
      "guid" : "36514B14-425C-4337-B446-653C547AA9C3",
      "token" : "0x6001ed1",
      "native_offset" : "0x0",
      "filename" : "mscorlib.dll",
      "sizeofimage" : "0x472000",
      "timestamp" : "0xd38c2365",
      "il_offset" : "0x0002b"
   }
,
  {
      "is_managed" : "true",
      "guid" : "36514B14-425C-4337-B446-653C547AA9C3",
      "token" : "0x00000",
      "native_offset" : "0x0",
      "filename" : "mscorlib.dll",
      "sizeofimage" : "0x472000",
      "timestamp" : "0xd38c2365",
      "il_offset" : "0x0002a"
   }

  ],
  "unmanaged_frames" : [
 {
    "is_managed" : "false",
    "native_address" : "0x10c5f3a06",
    "native_offset" : "0x00000"
  }
,
 {
    "is_managed" : "false",
    "native_address" : "0x10c78f165",
    "native_offset" : "0x00000"
  }
,
 {
    "is_managed" : "false",
    "native_address" : "0x10c78f7da",
    "native_offset" : "0x00000"
  }
,
 {
    "is_managed" : "false",
    "native_address" : "0x10c660a97",
    "native_offset" : "0x00000"
  }
,
 {
    "is_managed" : "false",
    "native_address" : "0x10c5f869e",
    "native_offset" : "0x00000"
  }
,
 {
    "is_managed" : "false",
    "native_address" : "0x10c65fd8f",
    "native_offset" : "0x00000"
  }
,
 {
    "is_managed" : "false",
    "native_address" : "0x7fff20472d7d",
    "native_offset" : "0x00000"
  }
,
 {
    "is_managed" : "false",
    "native_address" : "unregistered"
  }
,
 {
    "is_managed" : "false",
    "native_address" : "0x7fff20381720",
    "native_offset" : "0x00000"
  }
,
 {
    "is_managed" : "false",
    "native_address" : "0x10c84cf67",
    "native_offset" : "0x00000"
  }
,
 {
    "is_managed" : "false",
    "native_address" : "0x10c82ddef",
    "native_offset" : "0x00000"
  }
,
 {
    "is_managed" : "false",
    "native_address" : "0x10c84d3fe",
    "native_offset" : "0x00000"
  }
,
 {
    "is_managed" : "false",
    "native_address" : "0x10c84d57f",
    "native_offset" : "0x00000"
  }
,
 {
    "is_managed" : "false",
    "native_address" : "0x10c84d5ba",
    "native_offset" : "0x00000"
  }
,
 {
    "is_managed" : "false",
    "native_address" : "0x10c841d8e",
    "native_offset" : "0x00000"
  }
,
 {
    "is_managed" : "false",
    "native_address" : "0x10c7896d1",
    "native_offset" : "0x00000"
  }
,
 {
    "is_managed" : "false",
    "native_address" : "0x10c79034d",
    "native_offset" : "0x00000"
  }
,
 {
    "is_managed" : "false",
    "native_address" : "0x10c78dfbc",
    "native_offset" : "0x00000"
  }
,
 {
    "is_managed" : "true",
    "guid" : "36514B14-425C-4337-B446-653C547AA9C3",
    "token" : "0x00000",
    "native_offset" : "0x0",
    "filename" : "mscorlib.dll",
    "sizeofimage" : "0x472000",
    "timestamp" : "0xd38c2365",
    "il_offset" : "0x00000"
  }
,
 {
    "is_managed" : "true",
    "guid" : "36514B14-425C-4337-B446-653C547AA9C3",
    "token" : "0x00000",
    "native_offset" : "0x0",
    "filename" : "mscorlib.dll",
    "sizeofimage" : "0x472000",
    "timestamp" : "0xd38c2365",
    "il_offset" : "0x00000"
  }
,
 {
    "is_managed" : "true",
    "guid" : "4F55BBF8-2F9B-4C60-9603-12888C59BD5C",
    "token" : "0x6004287",
    "native_offset" : "0x0",
    "filename" : "System.dll",
    "sizeofimage" : "0x292000",
    "timestamp" : "0xc9746c07",
    "il_offset" : "0x00000"
  }
,
 {
    "is_managed" : "true",
    "guid" : "4F55BBF8-2F9B-4C60-9603-12888C59BD5C",
    "token" : "0x6004487",
    "native_offset" : "0x0",
    "filename" : "System.dll",
    "sizeofimage" : "0x292000",
    "timestamp" : "0xc9746c07",
    "il_offset" : "0x00000"
  }
,
 {
    "is_managed" : "true",
    "guid" : "36514B14-425C-4337-B446-653C547AA9C3",
    "token" : "0x6001ed4",
    "native_offset" : "0x0",
    "filename" : "mscorlib.dll",
    "sizeofimage" : "0x472000",
    "timestamp" : "0xd38c2365",
    "il_offset" : "0x00000"
  }
,
 {
    "is_managed" : "true",
    "guid" : "36514B14-425C-4337-B446-653C547AA9C3",
    "token" : "0x6001ed2",
    "native_offset" : "0x0",
    "filename" : "mscorlib.dll",
    "sizeofimage" : "0x472000",
    "timestamp" : "0xd38c2365",
    "il_offset" : "0x00000"
  }
,
 {
    "is_managed" : "true",
    "guid" : "4F55BBF8-2F9B-4C60-9603-12888C59BD5C",
    "token" : "0x00000",
    "native_offset" : "0x0",
    "filename" : "System.dll",
    "sizeofimage" : "0x292000",
    "timestamp" : "0xc9746c07",
    "il_offset" : "0x00000"
  }
,
 {
    "is_managed" : "false",
    "native_address" : "0x7fff27239957",
    "native_offset" : "0x00000"
  }
,
 {
    "is_managed" : "false",
    "native_address" : "0x7fff27238d7e",
    "native_offset" : "0x00000"
  }
,
 {
    "is_managed" : "false",
    "native_address" : "0x7fff27238c77",
    "native_offset" : "0x00000"
  }
,
 {
    "is_managed" : "false",
    "native_address" : "0x7fff2723b8bf",
    "native_offset" : "0x00000"
  }
,
 {
    "is_managed" : "false",
    "native_address" : "0x7fff20553684",
    "native_offset" : "0x00000"
  }
,
 {
    "is_managed" : "false",
    "native_address" : "0x7fff20527188",
    "native_offset" : "0x00000"
  }
,
 {
    "is_managed" : "false",
    "native_address" : "0x7fff20527065",
    "native_offset" : "0x00000"
  }
,
 {
    "is_managed" : "false",
    "native_address" : "0x7fff20525709",
    "native_offset" : "0x00000"
  }
,
 {
    "is_managed" : "false",
    "native_address" : "0x7fff205246ce",
    "native_offset" : "0x00000"
  }
,
 {
    "is_managed" : "false",
    "native_address" : "0x7fff205aacc9",
    "native_offset" : "0x00000"
  }
,
 {
    "is_managed" : "false",
    "native_address" : "0x10f4c0fcc",
    "native_offset" : "0x00000"
  }
,
 {
    "is_managed" : "true",
    "guid" : "4F55BBF8-2F9B-4C60-9603-12888C59BD5C",
    "token" : "0x00000",
    "native_offset" : "0x0",
    "filename" : "System.dll",
    "sizeofimage" : "0x292000",
    "timestamp" : "0xc9746c07",
    "il_offset" : "0x00000"
  }
,
 {
    "is_managed" : "true",
    "guid" : "4F55BBF8-2F9B-4C60-9603-12888C59BD5C",
    "token" : "0x600447f",
    "native_offset" : "0x0",
    "filename" : "System.dll",
    "sizeofimage" : "0x292000",
    "timestamp" : "0xc9746c07",
    "il_offset" : "0x00000"
  }
,
 {
    "is_managed" : "true",
    "guid" : "36514B14-425C-4337-B446-653C547AA9C3",
    "token" : "0x6001f2c",
    "native_offset" : "0x0",
    "filename" : "mscorlib.dll",
    "sizeofimage" : "0x472000",
    "timestamp" : "0xd38c2365",
    "il_offset" : "0x00000"
  }
,
 {
    "is_managed" : "true",
    "guid" : "36514B14-425C-4337-B446-653C547AA9C3",
    "token" : "0x6001ed2",
    "native_offset" : "0x0",
    "filename" : "mscorlib.dll",
    "sizeofimage" : "0x472000",
    "timestamp" : "0xd38c2365",
    "il_offset" : "0x00000"
  }
,
 {
    "is_managed" : "false",
    "native_address" : "0x10c555962",
    "native_offset" : "0x00000"
  }
,
 {
    "is_managed" : "false",
    "native_address" : "0x10c764f97",
    "native_offset" : "0x00000"
  }
,
 {
    "is_managed" : "false",
    "native_address" : "0x10c76b840",
    "native_offset" : "0x00000"
  }
,
 {
    "is_managed" : "false",
    "native_address" : "0x10c78fded",
    "native_offset" : "0x00000"
  }
,
 {
    "is_managed" : "false",
    "native_address" : "0x7fff2042e950",
    "native_offset" : "0x00000"
  }
,
 {
    "is_managed" : "false",
    "native_address" : "0x7fff2042a47b",
    "native_offset" : "0x00000"
  }

 ]
},
{
  "is_managed" : false,
  "offset_free_hash" : "0x0",
  "offset_rich_hash" : "0x0",
  "crashed" : false,
  "native_thread_id" : "0x115922e00",
  "thread_info_addr" : "0x7ffcea008200",
  "thread_name" : "tid_307",
  "ctx" : {
    "IP" : "0x7fff203fc8e2",
    "SP" : "0x7ffee36bcbe8",
    "BP" : "0x7ffee36bcc90"
 },
  "unmanaged_frames" : [
 {
    "is_managed" : "false",
    "native_address" : "0x10c5f3a06",
    "native_offset" : "0x00000"
  }
,
 {
    "is_managed" : "false",
    "native_address" : "0x10c78f165",
    "native_offset" : "0x00000"
  }
,
 {
    "is_managed" : "false",
    "native_address" : "0x10c78ee97",
    "native_offset" : "0x00000"
  }
,
 {
    "is_managed" : "false",
    "native_address" : "0x10c65f9d0",
    "native_offset" : "0x00000"
  }
,
 {
    "is_managed" : "false",
    "native_address" : "0x7fff20472d7d",
    "native_offset" : "0x00000"
  }
,
 {
    "is_managed" : "false",
    "native_address" : "0x7ffee36bca70",
    "native_offset" : "0x00000"
  }
,
 {
    "is_managed" : "false",
    "native_address" : "0x10c829ee0",
    "native_offset" : "0x00000"
  }
,
 {
    "is_managed" : "false",
    "native_address" : "0x10c841fc1",
    "native_offset" : "0x00000"
  }
,
 {
    "is_managed" : "false",
    "native_address" : "0x10c78c084",
    "native_offset" : "0x00000"
  }
,
 {
    "is_managed" : "false",
    "native_address" : "0x10c78be8a",
    "native_offset" : "0x00000"
  }
,
 {
    "is_managed" : "false",
    "native_address" : "0x10c5b908a",
    "native_offset" : "0x00000"
  }
,
 {
    "is_managed" : "false",
    "native_address" : "0x10c545178",
    "native_offset" : "0x00000"
  }
,
 {
    "is_managed" : "false",
    "native_address" : "0x7fff20449621",
    "native_offset" : "0x00000"
  }

 ]
},
{
  "is_managed" : false,
  "offset_free_hash" : "0x0",
  "offset_rich_hash" : "0x0",
  "crashed" : false,
  "native_thread_id" : "0x70000920c000",
  "thread_info_addr" : "0x7ffce8008c00",
  "thread_name" : "Finalizer",
  "ctx" : {
    "IP" : "0x7fff203f9eba",
    "SP" : "0x70000920beb8",
    "BP" : "0x70000920bf00"
 },
  "unmanaged_frames" : [
 {
    "is_managed" : "false",
    "native_address" : "0x10c5f3a06",
    "native_offset" : "0x00000"
  }
,
 {
    "is_managed" : "false",
    "native_address" : "0x10c78f165",
    "native_offset" : "0x00000"
  }
,
 {
    "is_managed" : "false",
    "native_address" : "0x10c78ee97",
    "native_offset" : "0x00000"
  }
,
 {
    "is_managed" : "false",
    "native_address" : "0x10c65f9d0",
    "native_offset" : "0x00000"
  }
,
 {
    "is_managed" : "false",
    "native_address" : "0x7fff20472d7d",
    "native_offset" : "0x00000"
  }
,
 {
    "is_managed" : "false",
    "native_address" : "unregistered"
  }
,
 {
    "is_managed" : "false",
    "native_address" : "0x10c78fdad",
    "native_offset" : "0x00000"
  }
,
 {
    "is_managed" : "false",
    "native_address" : "0x7fff2042e950",
    "native_offset" : "0x00000"
  }
,
 {
    "is_managed" : "false",
    "native_address" : "0x7fff2042a47b",
    "native_offset" : "0x00000"
  }

 ]
}
]
}