﻿<Properties StartupConfiguration="{36B1B5C0-28DE-4C73-B5F0-014057166D49}|Default">
  <MonoDevelop.Ide.ItemProperties.Assignment6 PreferredExecutionTarget="MonoDevelop.Default" />
  <MonoDevelop.Ide.Workbench ActiveDocument="Assignment6/Eval.fs">
    <Files>
      <File FileName="Assignment6/Program.fs" Line="276" Column="1" />
      <File FileName="Assignment6/Assignment6.fsproj" />
      <File FileName="Assignment6/StateMonad.fsi" />
      <File FileName="Assignment6/StateMonad.fs" />
      <File FileName="Assignment6/Eval.fs" Line="1" Column="1" />
    </Files>
    <Pads>
      <Pad Id="ProjectPad">
        <State name="__root__">
          <Node name="Assignment6" expanded="True">
            <Node name="Assignment6" expanded="True">
              <Node name="Eval.fs" selected="True" />
            </Node>
          </Node>
        </State>
      </Pad>
    </Pads>
  </MonoDevelop.Ide.Workbench>
  <MonoDevelop.Ide.DebuggingService.PinnedWatches />
  <MonoDevelop.Ide.Workspace ActiveConfiguration="Debug" />
  <MonoDevelop.Ide.DebuggingService.Breakpoints>
    <BreakpointStore />
  </MonoDevelop.Ide.DebuggingService.Breakpoints>
  <MultiItemStartupConfigurations />
</Properties>